producto_id,nombre_producto,origen,categoria,ingrediente_clave,precio_usd,satisfaccion_1_5,mejora_acne_pct,mejora_manchas_pct,mejora_textura_pct,tolerancia_piel_sensible_pct,indice_calidad_precio_0_100,tamano_muestra_resenas
COR-001,COSRX Advanced Snail 96 Mucin Power Essence,Coreano,esencia,mucina de caracol,16.36,4.55,36.3,36.5,67.2,79.7,95.4,1765
COR-002,Beauty of Joseon Glow Serum,Coreano,serum,propóleo + niacinamida,14.28,4.68,39.0,28.4,52.2,77.7,85.6,1055
COR-003,Skin1004 Madagascar Centella Ampoule,Coreano,ampolla,centella asiática,20.49,4.17,36.0,15.2,66.9,81.8,76.6,2294
COR-004,Laneige Water Sleeping Mask,Coreano,mascarilla nocturna,hialuronato + polisacáridos,25.91,4.72,13.7,41.2,59.8,71.0,84.4,114
COR-005,Some By Mi AHA-BHA-PHA 30 Days Miracle Toner,Coreano,tónico,complejo AHA/BHA/PHA,26.36,4.19,42.7,17.3,62.9,100.0,72.3,895
COR-006,Innisfree Green Tea Seed Serum,Coreano,serum,extracto de té verde,21.31,4.74,47.0,11.6,57.6,82.3,89.4,958
COR-007,Etude House SoonJung Calming Serum,Coreano,serum,panthenol + centella,15.3,4.07,50.7,33.4,34.4,85.2,68.3,1575
COR-008,Klairs Freshly Juiced Vitamin Drop,Coreano,serum,vitamina C estabilizada,22.64,4.61,49.2,36.8,59.0,83.7,82.7,280
COR-009,COSRX Advanced Snail 96 Mucin Power Essence,Coreano,esencia,mucina de caracol,11.71,3.55,51.2,28.2,47.9,93.8,71.7,1040
COR-010,Beauty of Joseon Glow Serum,Coreano,serum,propóleo + niacinamida,12.54,4.45,41.9,29.2,56.7,89.4,75.9,472
COR-011,Skin1004 Madagascar Centella Ampoule,Coreano,ampolla,centella asiática,24.73,3.99,42.0,16.2,49.2,81.4,81.8,2358
COR-012,Laneige Water Sleeping Mask,Coreano,mascarilla nocturna,hialuronato + polisacáridos,24.41,4.59,55.7,24.8,43.9,77.0,82.2,1131
COR-013,Some By Mi AHA-BHA-PHA 30 Days Miracle Toner,Coreano,tónico,complejo AHA/BHA/PHA,11.97,4.09,21.2,26.6,59.5,78.7,73.8,1386
COR-014,Innisfree Green Tea Seed Serum,Coreano,serum,extracto de té verde,15.23,4.53,53.3,27.1,25.4,85.5,80.7,763
COR-015,Etude House SoonJung Calming Serum,Coreano,serum,panthenol + centella,16.97,3.97,31.8,33.0,37.4,75.4,64.1,1716
COR-016,Klairs Freshly Juiced Vitamin Drop,Coreano,serum,vitamina C estabilizada,17.76,3.89,38.7,54.6,50.1,85.0,59.5,1775
COR-017,COSRX Advanced Snail 96 Mucin Power Essence,Coreano,esencia,mucina de caracol,13.67,5.0,52.8,27.9,45.1,89.3,96.0,2010
COR-018,Beauty of Joseon Glow Serum,Coreano,serum,propóleo + niacinamida,23.53,4.29,44.1,35.4,52.3,70.0,77.5,2035
COR-019,Skin1004 Madagascar Centella Ampoule,Coreano,ampolla,centella asiática,11.6,4.3,33.6,36.5,39.8,87.4,85.3,720
COR-020,Laneige Water Sleeping Mask,Coreano,mascarilla nocturna,hialuronato + polisacáridos,10.81,4.22,52.0,38.7,54.1,67.6,84.9,2271
COR-021,Some By Mi AHA-BHA-PHA 30 Days Miracle Toner,Coreano,tónico,complejo AHA/BHA/PHA,23.47,4.41,53.7,13.9,53.8,84.6,66.6,2335
COR-022,Innisfree Green Tea Seed Serum,Coreano,serum,extracto de té verde,19.22,3.64,45.4,42.2,54.3,90.5,53.4,1036
COR-023,Etude House SoonJung Calming Serum,Coreano,serum,panthenol + centella,26.88,4.67,26.5,22.5,40.7,89.7,83.3,539
COR-024,Klairs Freshly Juiced Vitamin Drop,Coreano,serum,vitamina C estabilizada,17.92,4.77,65.3,31.5,57.4,67.0,89.8,1879
COR-025,COSRX Advanced Snail 96 Mucin Power Essence,Coreano,esencia,mucina de caracol,17.76,4.9,44.5,57.3,52.9,67.9,81.5,626
COR-026,Beauty of Joseon Glow Serum,Coreano,serum,propóleo + niacinamida,22.24,4.79,37.9,31.9,58.1,78.5,69.1,686
COR-027,Skin1004 Madagascar Centella Ampoule,Coreano,ampolla,centella asiática,9.28,3.88,19.8,25.5,60.6,84.1,74.3,1975
COR-028,Laneige Water Sleeping Mask,Coreano,mascarilla nocturna,hialuronato + polisacáridos,24.18,4.49,24.2,43.9,43.4,71.7,74.2,325
COR-029,Some By Mi AHA-BHA-PHA 30 Days Miracle Toner,Coreano,tónico,complejo AHA/BHA/PHA,44.97,3.61,26.7,35.2,57.1,87.2,54.3,479
COR-030,Innisfree Green Tea Seed Serum,Coreano,serum,extracto de té verde,11.61,4.87,38.8,25.9,70.9,75.2,87.9,1228
COR-031,Etude House SoonJung Calming Serum,Coreano,serum,panthenol + centella,14.42,4.37,39.7,33.5,33.2,91.7,90.0,1071
COR-032,Klairs Freshly Juiced Vitamin Drop,Coreano,serum,vitamina C estabilizada,18.11,4.22,66.7,48.4,65.6,90.3,79.0,1773
COR-033,COSRX Advanced Snail 96 Mucin Power Essence,Coreano,esencia,mucina de caracol,13.95,4.25,32.2,45.9,47.7,74.7,76.9,2011
COR-034,Beauty of Joseon Glow Serum,Coreano,serum,propóleo + niacinamida,30.36,3.9,23.6,26.7,47.3,75.5,66.1,567
COR-035,Skin1004 Madagascar Centella Ampoule,Coreano,ampolla,centella asiática,14.76,4.39,44.9,51.3,54.3,98.6,81.2,1076
COR-036,Laneige Water Sleeping Mask,Coreano,mascarilla nocturna,hialuronato + polisacáridos,14.63,4.0,33.9,21.8,59.0,88.0,56.0,436
COR-037,Some By Mi AHA-BHA-PHA 30 Days Miracle Toner,Coreano,tónico,complejo AHA/BHA/PHA,7.95,5.0,20.8,25.6,53.3,96.4,100.0,1428
COR-038,Innisfree Green Tea Seed Serum,Coreano,serum,extracto de té verde,22.25,4.31,49.7,45.4,55.4,91.3,83.2,1648
COR-039,Etude House SoonJung Calming Serum,Coreano,serum,panthenol + centella,13.64,5.0,14.6,28.5,57.9,84.8,91.5,1705
COR-040,Klairs Freshly Juiced Vitamin Drop,Coreano,serum,vitamina C estabilizada,21.71,4.05,23.1,21.8,71.5,81.6,68.7,808
COR-041,COSRX Advanced Snail 96 Mucin Power Essence,Coreano,esencia,mucina de caracol,9.46,3.99,48.5,35.5,44.9,64.1,69.6,116
COR-042,Beauty of Joseon Glow Serum,Coreano,serum,propóleo + niacinamida,22.43,4.88,47.2,18.9,43.4,89.9,68.4,675
COR-043,Skin1004 Madagascar Centella Ampoule,Coreano,ampolla,centella asiática,13.71,4.04,49.4,27.6,60.5,79.3,89.2,964
COR-044,Laneige Water Sleeping Mask,Coreano,mascarilla nocturna,hialuronato + polisacáridos,30.7,4.83,40.4,22.0,37.6,84.7,84.5,830
COR-045,Some By Mi AHA-BHA-PHA 30 Days Miracle Toner,Coreano,tónico,complejo AHA/BHA/PHA,14.45,4.51,31.2,21.8,54.4,84.4,79.1,1525
COR-046,Innisfree Green Tea Seed Serum,Coreano,serum,extracto de té verde,4.0,4.42,51.9,25.2,45.4,95.6,98.9,1961
COR-047,Etude House SoonJung Calming Serum,Coreano,serum,panthenol + centella,21.3,3.94,15.5,24.3,37.1,97.9,73.3,2038
COR-048,Klairs Freshly Juiced Vitamin Drop,Coreano,serum,vitamina C estabilizada,22.83,4.57,44.2,45.3,50.9,86.0,76.7,1013
COR-049,COSRX Advanced Snail 96 Mucin Power Essence,Coreano,esencia,mucina de caracol,17.27,4.98,34.6,30.5,55.9,79.3,97.7,2174
COR-050,Beauty of Joseon Glow Serum,Coreano,serum,propóleo + niacinamida,24.11,3.77,55.4,39.6,73.5,74.3,64.8,1115
COR-051,Skin1004 Madagascar Centella Ampoule,Coreano,ampolla,centella asiática,29.12,3.86,35.2,20.1,47.1,69.9,56.6,948
COR-052,Laneige Water Sleeping Mask,Coreano,mascarilla nocturna,hialuronato + polisacáridos,11.71,3.86,42.1,48.8,61.5,76.2,75.3,1661
COR-053,Some By Mi AHA-BHA-PHA 30 Days Miracle Toner,Coreano,tónico,complejo AHA/BHA/PHA,9.81,5.0,17.2,31.4,62.4,78.9,94.2,1342
COR-054,Innisfree Green Tea Seed Serum,Coreano,serum,extracto de té verde,19.93,5.0,41.5,19.0,55.4,81.1,92.3,1713
COR-055,Etude House SoonJung Calming Serum,Coreano,serum,panthenol + centella,22.21,4.47,60.9,33.2,53.9,98.0,73.2,1981
COR-056,Klairs Freshly Juiced Vitamin Drop,Coreano,serum,vitamina C estabilizada,4.0,4.98,27.8,20.6,55.3,79.4,95.4,850
COR-057,COSRX Advanced Snail 96 Mucin Power Essence,Coreano,esencia,mucina de caracol,24.8,4.89,38.8,50.6,69.6,79.5,90.6,657
COR-058,Beauty of Joseon Glow Serum,Coreano,serum,propóleo + niacinamida,11.92,4.98,40.4,30.5,68.1,94.7,94.7,2097
COR-059,Skin1004 Madagascar Centella Ampoule,Coreano,ampolla,centella asiática,20.31,4.4,11.9,25.1,65.3,91.8,77.7,1955
COR-060,Laneige Water Sleeping Mask,Coreano,mascarilla nocturna,hialuronato + polisacáridos,8.87,4.7,42.6,29.7,31.3,81.1,94.9,1986
COR-061,Some By Mi AHA-BHA-PHA 30 Days Miracle Toner,Coreano,tónico,complejo AHA/BHA/PHA,21.93,3.21,62.4,12.4,67.0,72.9,47.3,1967
COR-062,Innisfree Green Tea Seed Serum,Coreano,serum,extracto de té verde,12.29,5.0,62.7,26.8,47.5,77.2,89.4,1508
COR-063,Etude House SoonJung Calming Serum,Coreano,serum,panthenol + centella,12.27,5.0,66.6,37.9,49.1,78.3,88.9,2174
COR-064,Klairs Freshly Juiced Vitamin Drop,Coreano,serum,vitamina C estabilizada,22.3,4.16,29.6,32.1,50.9,79.8,78.2,1356
COR-065,COSRX Advanced Snail 96 Mucin Power Essence,Coreano,esencia,mucina de caracol,29.18,4.31,41.8,29.6,52.6,83.9,69.6,1415
COR-066,Beauty of Joseon Glow Serum,Coreano,serum,propóleo + niacinamida,9.81,4.36,42.8,22.2,56.7,88.5,69.1,1295
COR-067,Skin1004 Madagascar Centella Ampoule,Coreano,ampolla,centella asiática,24.17,3.92,20.9,23.5,41.2,98.9,66.3,2238
COR-068,Laneige Water Sleeping Mask,Coreano,mascarilla nocturna,hialuronato + polisacáridos,4.0,5.0,56.8,35.6,72.8,95.9,100.0,1621
COR-069,Some By Mi AHA-BHA-PHA 30 Days Miracle Toner,Coreano,tónico,complejo AHA/BHA/PHA,16.64,4.41,48.1,29.9,35.6,87.0,78.3,2477
COR-070,Innisfree Green Tea Seed Serum,Coreano,serum,extracto de té verde,16.33,3.16,38.6,21.7,54.7,81.5,47.8,1835
COR-071,Etude House SoonJung Calming Serum,Coreano,serum,panthenol + centella,30.48,4.3,43.4,38.2,57.7,84.9,80.6,1748
COR-072,Klairs Freshly Juiced Vitamin Drop,Coreano,serum,vitamina C estabilizada,14.79,4.26,31.2,20.0,54.8,54.6,75.3,2217
COR-073,COSRX Advanced Snail 96 Mucin Power Essence,Coreano,esencia,mucina de caracol,6.21,4.19,39.7,37.6,52.1,90.8,74.8,340
COR-074,Beauty of Joseon Glow Serum,Coreano,serum,propóleo + niacinamida,21.71,3.23,50.1,24.2,60.4,70.7,65.3,2023
COR-075,Skin1004 Madagascar Centella Ampoule,Coreano,ampolla,centella asiática,9.31,4.94,43.6,24.4,67.1,76.9,95.7,1935
COR-076,Laneige Water Sleeping Mask,Coreano,mascarilla nocturna,hialuronato + polisacáridos,14.9,4.48,45.0,35.0,59.6,88.4,85.7,157
COR-077,Some By Mi AHA-BHA-PHA 30 Days Miracle Toner,Coreano,tónico,complejo AHA/BHA/PHA,27.11,3.2,42.3,27.3,61.5,79.5,45.0,1968
COR-078,Innisfree Green Tea Seed Serum,Coreano,serum,extracto de té verde,23.81,3.18,38.2,46.8,55.3,79.8,34.1,2231
COR-079,Etude House SoonJung Calming Serum,Coreano,serum,panthenol + centella,15.2,3.86,41.4,31.7,57.7,73.3,73.6,2115
COR-080,Klairs Freshly Juiced Vitamin Drop,Coreano,serum,vitamina C estabilizada,15.54,4.92,43.8,45.8,61.7,89.2,87.3,1937
COR-081,COSRX Advanced Snail 96 Mucin Power Essence,Coreano,esencia,mucina de caracol,11.15,4.54,42.0,40.4,46.9,79.3,81.7,2174
COR-082,Beauty of Joseon Glow Serum,Coreano,serum,propóleo + niacinamida,29.94,4.49,55.0,25.3,52.3,80.6,78.9,2196
COR-083,Skin1004 Madagascar Centella Ampoule,Coreano,ampolla,centella asiática,19.49,3.71,29.8,13.2,45.9,89.6,71.4,435
COR-084,Laneige Water Sleeping Mask,Coreano,mascarilla nocturna,hialuronato + polisacáridos,20.93,3.83,30.8,43.0,45.7,77.0,63.1,1934
COR-085,Some By Mi AHA-BHA-PHA 30 Days Miracle Toner,Coreano,tónico,complejo AHA/BHA/PHA,22.63,3.77,29.2,14.2,66.2,74.0,67.9,654
COR-086,Innisfree Green Tea Seed Serum,Coreano,serum,extracto de té verde,23.88,4.96,50.6,27.5,51.3,90.1,86.9,1018
COR-087,Etude House SoonJung Calming Serum,Coreano,serum,panthenol + centella,12.96,4.54,19.6,40.4,45.0,72.9,84.9,928
COR-088,Klairs Freshly Juiced Vitamin Drop,Coreano,serum,vitamina C estabilizada,13.26,3.56,28.4,28.4,52.0,83.6,65.7,2342
COR-089,COSRX Advanced Snail 96 Mucin Power Essence,Coreano,esencia,mucina de caracol,28.26,4.97,34.0,25.5,30.8,67.7,87.8,848
COR-090,Beauty of Joseon Glow Serum,Coreano,serum,propóleo + niacinamida,26.72,4.88,34.9,45.0,25.5,92.9,67.7,910
COR-091,Skin1004 Madagascar Centella Ampoule,Coreano,ampolla,centella asiática,15.94,4.15,29.4,31.1,50.2,87.1,86.4,134
COR-092,Laneige Water Sleeping Mask,Coreano,mascarilla nocturna,hialuronato + polisacáridos,13.07,4.36,43.8,22.3,51.1,82.3,74.9,1870
COR-093,Some By Mi AHA-BHA-PHA 30 Days Miracle Toner,Coreano,tónico,complejo AHA/BHA/PHA,15.38,4.04,43.9,17.8,59.1,79.6,78.8,531
COR-094,Innisfree Green Tea Seed Serum,Coreano,serum,extracto de té verde,22.82,4.52,17.7,21.0,54.3,74.8,82.8,994
COR-095,Etude House SoonJung Calming Serum,Coreano,serum,panthenol + centella,5.73,3.47,59.2,17.6,43.8,95.2,72.5,1013
COR-096,Klairs Freshly Juiced Vitamin Drop,Coreano,serum,vitamina C estabilizada,19.16,3.59,30.5,42.5,48.3,86.7,54.5,2186
COR-097,COSRX Advanced Snail 96 Mucin Power Essence,Coreano,esencia,mucina de caracol,6.03,4.36,39.8,26.4,51.4,85.1,73.3,1861
COR-098,Beauty of Joseon Glow Serum,Coreano,serum,propóleo + niacinamida,18.84,4.67,26.0,48.5,63.0,93.5,94.5,2169
COR-099,Skin1004 Madagascar Centella Ampoule,Coreano,ampolla,centella asiática,21.69,3.49,44.6,50.1,59.2,77.3,71.8,2120
COR-100,Laneige Water Sleeping Mask,Coreano,mascarilla nocturna,hialuronato + polisacáridos,15.07,5.0,71.1,27.8,48.8,93.4,100.0,209
COR-101,Some By Mi AHA-BHA-PHA 30 Days Miracle Toner,Coreano,tónico,complejo AHA/BHA/PHA,8.15,4.56,29.3,31.9,44.4,75.9,79.7,1216
COR-102,Innisfree Green Tea Seed Serum,Coreano,serum,extracto de té verde,5.72,3.62,47.0,45.0,50.7,87.6,68.6,830
COR-103,Etude House SoonJung Calming Serum,Coreano,serum,panthenol + centella,24.91,4.6,19.8,29.9,45.4,65.1,76.8,2423
COR-104,Klairs Freshly Juiced Vitamin Drop,Coreano,serum,vitamina C estabilizada,22.95,4.42,37.6,47.7,45.7,100.0,72.4,1332
COR-105,COSRX Advanced Snail 96 Mucin Power Essence,Coreano,esencia,mucina de caracol,27.0,4.79,30.9,32.2,71.5,88.9,88.8,789
COR-106,Beauty of Joseon Glow Serum,Coreano,serum,propóleo + niacinamida,18.72,4.77,54.3,40.3,53.4,78.2,81.7,480
COR-107,Skin1004 Madagascar Centella Ampoule,Coreano,ampolla,centella asiática,22.77,4.44,22.7,19.2,62.5,81.6,77.6,481
COR-108,Laneige Water Sleeping Mask,Coreano,mascarilla nocturna,hialuronato + polisacáridos,12.01,4.31,64.3,33.4,39.3,96.1,100.0,210
COR-109,Some By Mi AHA-BHA-PHA 30 Days Miracle Toner,Coreano,tónico,complejo AHA/BHA/PHA,4.49,3.78,53.3,27.4,53.3,86.1,68.1,95
COR-110,Innisfree Green Tea Seed Serum,Coreano,serum,extracto de té verde,14.94,4.82,50.1,28.0,41.1,58.3,79.5,1711
COR-111,Etude House SoonJung Calming Serum,Coreano,serum,panthenol + centella,20.2,4.91,29.8,24.9,27.2,91.2,74.7,468
COR-112,Klairs Freshly Juiced Vitamin Drop,Coreano,serum,vitamina C estabilizada,6.86,3.42,15.7,27.0,56.5,89.4,70.1,2078
COR-113,COSRX Advanced Snail 96 Mucin Power Essence,Coreano,esencia,mucina de caracol,12.22,3.33,23.5,19.3,58.8,80.3,79.0,851
COR-114,Beauty of Joseon Glow Serum,Coreano,serum,propóleo + niacinamida,14.38,3.97,52.0,46.2,36.3,82.7,67.4,2386
COR-115,Skin1004 Madagascar Centella Ampoule,Coreano,ampolla,centella asiática,21.29,4.53,44.1,17.5,57.7,100.0,66.4,929
COR-116,Laneige Water Sleeping Mask,Coreano,mascarilla nocturna,hialuronato + polisacáridos,19.42,4.39,28.0,34.7,46.5,88.3,65.9,2456
COR-117,Some By Mi AHA-BHA-PHA 30 Days Miracle Toner,Coreano,tónico,complejo AHA/BHA/PHA,16.69,3.18,27.5,28.2,34.4,81.3,56.2,1063
COR-118,Innisfree Green Tea Seed Serum,Coreano,serum,extracto de té verde,18.3,4.41,35.2,31.0,57.5,82.4,87.4,2242
COR-119,Etude House SoonJung Calming Serum,Coreano,serum,panthenol + centella,15.48,4.06,50.5,36.8,70.5,87.8,78.1,2480
COR-120,Klairs Freshly Juiced Vitamin Drop,Coreano,serum,vitamina C estabilizada,11.5,4.85,34.8,27.3,40.3,74.6,96.1,2260
COR-121,COSRX Advanced Snail 96 Mucin Power Essence,Coreano,esencia,mucina de caracol,20.8,4.11,28.0,23.1,56.9,86.2,70.1,1327
COR-122,Beauty of Joseon Glow Serum,Coreano,serum,propóleo + niacinamida,16.45,4.3,35.0,24.1,42.1,83.5,79.3,665
COR-123,Skin1004 Madagascar Centella Ampoule,Coreano,ampolla,centella asiática,22.74,4.89,35.2,18.1,48.0,89.7,90.6,810
COR-124,Laneige Water Sleeping Mask,Coreano,mascarilla nocturna,hialuronato + polisacáridos,13.89,3.99,43.9,24.0,49.7,100.0,88.1,842
COR-125,Some By Mi AHA-BHA-PHA 30 Days Miracle Toner,Coreano,tónico,complejo AHA/BHA/PHA,25.56,4.48,31.7,28.7,31.6,89.3,63.3,595
COR-126,Innisfree Green Tea Seed Serum,Coreano,serum,extracto de té verde,10.85,4.1,20.6,8.0,56.4,77.0,82.2,1790
COR-127,Etude House SoonJung Calming Serum,Coreano,serum,panthenol + centella,22.43,4.86,53.7,27.8,40.5,80.9,76.2,2056
COR-128,Klairs Freshly Juiced Vitamin Drop,Coreano,serum,vitamina C estabilizada,12.54,5.0,15.8,24.3,63.6,72.7,98.9,872
COR-129,COSRX Advanced Snail 96 Mucin Power Essence,Coreano,esencia,mucina de caracol,14.63,4.55,58.6,55.2,35.4,77.8,96.7,2326
COR-130,Beauty of Joseon Glow Serum,Coreano,serum,propóleo + niacinamida,10.78,3.06,26.7,33.2,64.5,86.9,55.4,1339
COR-131,Skin1004 Madagascar Centella Ampoule,Coreano,ampolla,centella asiática,26.08,4.48,19.0,24.3,47.4,68.7,65.0,1167
COR-132,Laneige Water Sleeping Mask,Coreano,mascarilla nocturna,hialuronato + polisacáridos,35.31,5.0,34.7,29.7,50.3,75.1,78.4,1647
COR-133,Some By Mi AHA-BHA-PHA 30 Days Miracle Toner,Coreano,tónico,complejo AHA/BHA/PHA,18.33,4.91,46.9,39.4,60.5,78.8,77.2,793
COR-134,Innisfree Green Tea Seed Serum,Coreano,serum,extracto de té verde,22.42,4.26,38.8,22.2,47.3,92.8,66.1,222
COR-135,Etude House SoonJung Calming Serum,Coreano,serum,panthenol + centella,20.51,4.05,32.7,32.8,44.0,100.0,74.0,1187
COR-136,Klairs Freshly Juiced Vitamin Drop,Coreano,serum,vitamina C estabilizada,32.53,4.64,50.6,24.6,65.2,84.0,71.0,888
COR-137,COSRX Advanced Snail 96 Mucin Power Essence,Coreano,esencia,mucina de caracol,33.15,4.19,23.4,36.5,67.7,79.0,54.7,829
COR-138,Beauty of Joseon Glow Serum,Coreano,serum,propóleo + niacinamida,38.76,4.83,25.6,24.7,58.2,93.3,76.4,741
COR-139,Skin1004 Madagascar Centella Ampoule,Coreano,ampolla,centella asiática,14.68,4.55,14.0,21.6,51.9,68.3,73.0,982
COR-140,Laneige Water Sleeping Mask,Coreano,mascarilla nocturna,hialuronato + polisacáridos,4.95,4.11,51.1,28.9,61.3,90.7,72.6,1467
COR-141,Some By Mi AHA-BHA-PHA 30 Days Miracle Toner,Coreano,tónico,complejo AHA/BHA/PHA,18.54,4.31,57.0,39.5,81.5,77.9,89.6,2462
COR-142,Innisfree Green Tea Seed Serum,Coreano,serum,extracto de té verde,28.34,3.53,35.9,38.8,58.5,66.2,67.4,873
COR-143,Etude House SoonJung Calming Serum,Coreano,serum,panthenol + centella,26.21,4.55,41.1,24.5,45.3,81.7,82.2,1726
COR-144,Klairs Freshly Juiced Vitamin Drop,Coreano,serum,vitamina C estabilizada,8.72,4.11,56.5,48.0,45.1,84.8,86.5,107
COR-145,COSRX Advanced Snail 96 Mucin Power Essence,Coreano,esencia,mucina de caracol,16.09,4.7,23.1,41.1,44.9,66.4,69.3,941
COR-146,Beauty of Joseon Glow Serum,Coreano,serum,propóleo + niacinamida,12.81,4.43,36.0,18.5,57.9,83.2,71.7,1387
COR-147,Skin1004 Madagascar Centella Ampoule,Coreano,ampolla,centella asiática,19.67,4.14,62.9,33.8,56.3,92.3,70.9,2461
COR-148,Laneige Water Sleeping Mask,Coreano,mascarilla nocturna,hialuronato + polisacáridos,16.67,4.2,38.6,23.1,50.7,71.7,79.3,1088
COR-149,Some By Mi AHA-BHA-PHA 30 Days Miracle Toner,Coreano,tónico,complejo AHA/BHA/PHA,21.52,5.0,47.3,25.2,27.4,66.6,72.3,1397
COR-150,Innisfree Green Tea Seed Serum,Coreano,serum,extracto de té verde,13.63,4.45,51.3,19.6,58.1,71.5,97.4,596
TRA-001,CeraVe Moisturizing Cream,Tradicional,crema hidratante,ceramidas,29.07,3.84,40.6,41.0,37.8,71.2,63.8,2067
TRA-002,The Ordinary Niacinamide 10% + Zinc 1%,Tradicional,serum,niacinamida + zinc,16.28,3.74,25.9,41.0,30.9,88.8,69.1,1089
TRA-003,Neutrogena Rapid Wrinkle Repair,Tradicional,crema tratamiento,retinol,20.73,2.93,54.0,29.0,46.5,57.5,58.1,1747
TRA-004,La Roche-Posay Effaclar Duo,Tradicional,gel tratamiento,ácido salicílico + niacinamida,36.9,4.32,55.7,39.8,52.7,74.9,65.8,1447
TRA-005,Olay Regenerist Micro-Sculpting Cream,Tradicional,crema,péptidos + niacinamida,44.28,4.49,22.3,46.3,26.5,82.4,74.6,1520
TRA-006,Clinique Dramatically Different Moisturizing Lotion,Tradicional,loción,glicerina,17.12,2.61,32.1,17.1,63.7,80.1,61.6,1106
TRA-007,Kiehl's Ultra Facial Cream,Tradicional,crema hidratante,escualano + glicerina,7.66,4.27,41.8,34.1,29.8,63.9,89.8,2491
TRA-008,Paula's Choice BHA Liquid Exfoliant,Tradicional,exfoliante,ácido salicílico,16.46,2.59,51.6,36.4,45.3,65.1,41.3,1996
TRA-009,CeraVe Moisturizing Cream,Tradicional,crema hidratante,ceramidas,33.79,4.18,73.9,39.3,46.5,100.0,68.7,81
TRA-010,The Ordinary Niacinamide 10% + Zinc 1%,Tradicional,serum,niacinamida + zinc,14.31,3.61,32.6,14.0,42.4,63.8,69.5,2286
TRA-011,Neutrogena Rapid Wrinkle Repair,Tradicional,crema tratamiento,retinol,29.52,3.54,45.5,13.9,49.3,65.7,57.8,1479
TRA-012,La Roche-Posay Effaclar Duo,Tradicional,gel tratamiento,ácido salicílico + niacinamida,29.79,4.72,27.0,33.8,74.6,71.8,88.8,1063
TRA-013,Olay Regenerist Micro-Sculpting Cream,Tradicional,crema,péptidos + niacinamida,16.99,4.59,36.8,29.7,53.0,76.5,89.7,225
TRA-014,Clinique Dramatically Different Moisturizing Lotion,Tradicional,loción,glicerina,29.03,3.56,33.1,38.2,30.3,62.5,53.9,752
TRA-015,Kiehl's Ultra Facial Cream,Tradicional,crema hidratante,escualano + glicerina,46.11,3.79,39.2,33.5,42.2,79.5,48.3,520
TRA-016,Paula's Choice BHA Liquid Exfoliant,Tradicional,exfoliante,ácido salicílico,9.64,3.08,45.4,33.0,49.0,55.2,41.4,1078
TRA-017,CeraVe Moisturizing Cream,Tradicional,crema hidratante,ceramidas,26.52,4.53,33.7,13.2,56.5,68.4,83.7,2002
TRA-018,The Ordinary Niacinamide 10% + Zinc 1%,Tradicional,serum,niacinamida + zinc,36.39,3.11,17.4,18.0,57.9,44.3,42.4,1035
TRA-019,Neutrogena Rapid Wrinkle Repair,Tradicional,crema tratamiento,retinol,45.18,3.53,50.8,45.4,45.3,72.5,38.6,1233
TRA-020,La Roche-Posay Effaclar Duo,Tradicional,gel tratamiento,ácido salicílico + niacinamida,29.58,3.16,64.4,38.0,35.5,65.2,49.0,1948
TRA-021,Olay Regenerist Micro-Sculpting Cream,Tradicional,crema,péptidos + niacinamida,21.0,4.69,50.7,29.1,29.7,83.5,83.1,316
TRA-022,Clinique Dramatically Different Moisturizing Lotion,Tradicional,loción,glicerina,32.13,4.13,30.5,42.5,36.2,69.8,61.0,879
TRA-023,Kiehl's Ultra Facial Cream,Tradicional,crema hidratante,escualano + glicerina,10.69,3.98,38.9,41.5,55.5,55.0,59.6,1283
TRA-024,Paula's Choice BHA Liquid Exfoliant,Tradicional,exfoliante,ácido salicílico,5.0,4.2,43.7,31.8,48.4,85.6,91.3,91
TRA-025,CeraVe Moisturizing Cream,Tradicional,crema hidratante,ceramidas,21.64,3.64,57.3,39.8,51.2,58.9,52.4,209
TRA-026,The Ordinary Niacinamide 10% + Zinc 1%,Tradicional,serum,niacinamida + zinc,33.12,3.69,51.0,34.4,35.3,100.0,44.4,1213
TRA-027,Neutrogena Rapid Wrinkle Repair,Tradicional,crema tratamiento,retinol,13.48,4.07,39.4,39.1,56.0,65.2,62.1,2059
TRA-028,La Roche-Posay Effaclar Duo,Tradicional,gel tratamiento,ácido salicílico + niacinamida,20.26,3.92,35.2,36.6,51.9,68.0,73.4,469
TRA-029,Olay Regenerist Micro-Sculpting Cream,Tradicional,crema,péptidos + niacinamida,17.98,2.91,58.6,46.7,19.8,58.1,62.2,2030
TRA-030,Clinique Dramatically Different Moisturizing Lotion,Tradicional,loción,glicerina,27.02,3.84,33.1,28.1,39.6,56.1,58.3,688
TRA-031,Kiehl's Ultra Facial Cream,Tradicional,crema hidratante,escualano + glicerina,9.15,4.0,41.0,38.2,58.3,79.3,54.9,1588
TRA-032,Paula's Choice BHA Liquid Exfoliant,Tradicional,exfoliante,ácido salicílico,36.08,4.46,39.2,44.9,37.9,49.6,68.6,1844
TRA-033,CeraVe Moisturizing Cream,Tradicional,crema hidratante,ceramidas,20.16,4.15,39.6,26.2,39.3,85.2,86.9,1991
TRA-034,The Ordinary Niacinamide 10% + Zinc 1%,Tradicional,serum,niacinamida + zinc,25.2,4.38,20.3,35.2,43.8,74.1,67.1,782
TRA-035,Neutrogena Rapid Wrinkle Repair,Tradicional,crema tratamiento,retinol,29.33,2.85,40.9,28.3,50.6,81.3,50.5,2148
TRA-036,La Roche-Posay Effaclar Duo,Tradicional,gel tratamiento,ácido salicílico + niacinamida,23.12,4.09,45.1,24.2,41.6,60.7,71.5,2359
TRA-037,Olay Regenerist Micro-Sculpting Cream,Tradicional,crema,péptidos + niacinamida,39.62,5.0,32.5,41.9,47.6,84.2,80.4,1519
TRA-038,Clinique Dramatically Different Moisturizing Lotion,Tradicional,loción,glicerina,22.77,3.45,40.6,36.1,53.5,83.2,58.3,1748
TRA-039,Kiehl's Ultra Facial Cream,Tradicional,crema hidratante,escualano + glicerina,35.95,2.44,43.6,35.8,43.8,57.4,40.8,2117
TRA-040,Paula's Choice BHA Liquid Exfoliant,Tradicional,exfoliante,ácido salicílico,11.47,2.58,30.1,43.6,51.3,84.4,41.8,1907
TRA-041,CeraVe Moisturizing Cream,Tradicional,crema hidratante,ceramidas,33.28,4.7,48.8,38.5,70.0,57.0,77.8,1796
TRA-042,The Ordinary Niacinamide 10% + Zinc 1%,Tradicional,serum,niacinamida + zinc,15.71,4.06,41.6,43.0,31.1,71.1,75.0,567
TRA-043,Neutrogena Rapid Wrinkle Repair,Tradicional,crema tratamiento,retinol,20.69,2.86,13.7,40.0,45.8,59.2,48.5,2249
TRA-044,La Roche-Posay Effaclar Duo,Tradicional,gel tratamiento,ácido salicílico + niacinamida,36.14,3.8,45.3,36.2,54.1,54.6,56.8,2365
TRA-045,Olay Regenerist Micro-Sculpting Cream,Tradicional,crema,péptidos + niacinamida,17.49,4.3,57.4,35.2,28.4,71.6,73.0,1510
TRA-046,Clinique Dramatically Different Moisturizing Lotion,Tradicional,loción,glicerina,5.01,4.25,47.9,41.7,71.6,81.1,83.2,2146
TRA-047,Kiehl's Ultra Facial Cream,Tradicional,crema hidratante,escualano + glicerina,26.47,4.5,43.9,18.7,41.2,84.6,81.1,2003
TRA-048,Paula's Choice BHA Liquid Exfoliant,Tradicional,exfoliante,ácido salicílico,40.7,4.1,38.1,22.8,37.0,74.2,64.9,2358
TRA-049,CeraVe Moisturizing Cream,Tradicional,crema hidratante,ceramidas,24.83,4.83,54.2,41.2,17.4,82.8,86.6,2077
TRA-050,The Ordinary Niacinamide 10% + Zinc 1%,Tradicional,serum,niacinamida + zinc,15.83,4.09,20.7,19.7,38.5,54.5,57.2,1123
TRA-051,Neutrogena Rapid Wrinkle Repair,Tradicional,crema tratamiento,retinol,12.19,3.49,50.4,37.7,33.5,60.2,71.6,605
TRA-052,La Roche-Posay Effaclar Duo,Tradicional,gel tratamiento,ácido salicílico + niacinamida,23.8,3.75,33.5,36.6,52.8,52.1,57.7,673
TRA-053,Olay Regenerist Micro-Sculpting Cream,Tradicional,crema,péptidos + niacinamida,15.83,3.72,41.9,46.1,26.9,72.4,70.8,2146
TRA-054,Clinique Dramatically Different Moisturizing Lotion,Tradicional,loción,glicerina,23.17,3.6,25.0,30.7,35.4,39.9,59.5,555
TRA-055,Kiehl's Ultra Facial Cream,Tradicional,crema hidratante,escualano + glicerina,26.62,4.01,49.1,55.3,31.1,61.1,76.1,154
TRA-056,Paula's Choice BHA Liquid Exfoliant,Tradicional,exfoliante,ácido salicílico,40.8,3.72,45.3,16.5,52.6,89.5,59.8,1980
TRA-057,CeraVe Moisturizing Cream,Tradicional,crema hidratante,ceramidas,16.01,3.65,48.4,24.7,17.3,28.0,66.3,1705
TRA-058,The Ordinary Niacinamide 10% + Zinc 1%,Tradicional,serum,niacinamida + zinc,33.0,4.1,43.9,28.5,9.5,63.7,71.7,1285
TRA-059,Neutrogena Rapid Wrinkle Repair,Tradicional,crema tratamiento,retinol,23.82,3.62,36.2,41.7,41.9,61.5,67.6,985
TRA-060,La Roche-Posay Effaclar Duo,Tradicional,gel tratamiento,ácido salicílico + niacinamida,23.79,3.48,53.8,23.4,61.9,62.2,51.8,1799
TRA-061,Olay Regenerist Micro-Sculpting Cream,Tradicional,crema,péptidos + niacinamida,16.72,3.98,34.2,9.6,53.4,81.0,70.0,751
TRA-062,Clinique Dramatically Different Moisturizing Lotion,Tradicional,loción,glicerina,22.9,3.76,44.5,34.0,52.4,67.4,58.9,975
TRA-063,Kiehl's Ultra Facial Cream,Tradicional,crema hidratante,escualano + glicerina,13.27,3.84,74.0,22.9,51.3,48.2,65.3,2454
TRA-064,Paula's Choice BHA Liquid Exfoliant,Tradicional,exfoliante,ácido salicílico,26.39,4.88,47.6,56.0,56.1,34.0,95.8,1713
TRA-065,CeraVe Moisturizing Cream,Tradicional,crema hidratante,ceramidas,44.1,3.85,29.4,17.8,43.3,59.7,69.1,667
TRA-066,The Ordinary Niacinamide 10% + Zinc 1%,Tradicional,serum,niacinamida + zinc,17.54,3.28,41.3,24.3,41.8,85.2,50.4,611
TRA-067,Neutrogena Rapid Wrinkle Repair,Tradicional,crema tratamiento,retinol,17.11,4.85,44.8,37.3,34.0,59.0,89.1,960
TRA-068,La Roche-Posay Effaclar Duo,Tradicional,gel tratamiento,ácido salicílico + niacinamida,26.99,4.28,53.4,32.1,41.8,100.0,66.2,1281
TRA-069,Olay Regenerist Micro-Sculpting Cream,Tradicional,crema,péptidos + niacinamida,16.71,3.82,28.7,26.7,37.9,62.4,61.6,984
TRA-070,Clinique Dramatically Different Moisturizing Lotion,Tradicional,loción,glicerina,33.83,4.46,51.7,30.7,29.4,67.6,77.5,927
TRA-071,Kiehl's Ultra Facial Cream,Tradicional,crema hidratante,escualano + glicerina,13.32,3.7,35.3,21.5,49.1,94.9,67.5,1232
TRA-072,Paula's Choice BHA Liquid Exfoliant,Tradicional,exfoliante,ácido salicílico,12.11,4.75,44.7,32.5,57.8,86.1,86.8,1640
TRA-073,CeraVe Moisturizing Cream,Tradicional,crema hidratante,ceramidas,13.91,3.6,48.8,36.5,43.1,48.4,67.2,1329
TRA-074,The Ordinary Niacinamide 10% + Zinc 1%,Tradicional,serum,niacinamida + zinc,18.02,4.34,42.9,34.4,24.5,68.3,90.9,120
TRA-075,Neutrogena Rapid Wrinkle Repair,Tradicional,crema tratamiento,retinol,29.13,3.43,49.5,19.3,68.2,88.2,57.5,1010
TRA-076,La Roche-Posay Effaclar Duo,Tradicional,gel tratamiento,ácido salicílico + niacinamida,21.76,4.13,36.6,24.9,49.6,51.9,67.0,521
TRA-077,Olay Regenerist Micro-Sculpting Cream,Tradicional,crema,péptidos + niacinamida,30.67,2.74,42.8,45.3,28.2,76.1,29.7,725
TRA-078,Clinique Dramatically Different Moisturizing Lotion,Tradicional,loción,glicerina,35.07,4.4,50.4,55.8,42.4,52.4,69.5,919
TRA-079,Kiehl's Ultra Facial Cream,Tradicional,crema hidratante,escualano + glicerina,20.97,3.76,26.8,31.8,60.9,65.3,67.8,1529
TRA-080,Paula's Choice BHA Liquid Exfoliant,Tradicional,exfoliante,ácido salicílico,44.42,3.48,52.8,38.9,44.5,68.2,55.0,712
TRA-081,CeraVe Moisturizing Cream,Tradicional,crema hidratante,ceramidas,24.92,4.3,35.6,37.1,36.3,53.3,58.4,1306
TRA-082,The Ordinary Niacinamide 10% + Zinc 1%,Tradicional,serum,niacinamida + zinc,29.59,3.72,50.2,51.3,39.7,77.1,77.7,1165
TRA-083,Neutrogena Rapid Wrinkle Repair,Tradicional,crema tratamiento,retinol,29.01,3.94,57.3,21.9,46.9,79.7,65.9,422
TRA-084,La Roche-Posay Effaclar Duo,Tradicional,gel tratamiento,ácido salicílico + niacinamida,32.86,4.5,15.7,24.7,61.7,61.1,75.4,485
TRA-085,Olay Regenerist Micro-Sculpting Cream,Tradicional,crema,péptidos + niacinamida,7.98,4.87,59.4,52.7,52.9,67.1,91.4,658
TRA-086,Clinique Dramatically Different Moisturizing Lotion,Tradicional,loción,glicerina,46.91,3.39,46.9,34.7,61.7,74.6,45.3,2341
TRA-087,Kiehl's Ultra Facial Cream,Tradicional,crema hidratante,escualano + glicerina,17.08,3.45,22.5,25.7,43.6,60.0,49.3,1394
TRA-088,Paula's Choice BHA Liquid Exfoliant,Tradicional,exfoliante,ácido salicílico,26.98,3.85,23.0,1.4,55.6,99.1,65.8,681
TRA-089,CeraVe Moisturizing Cream,Tradicional,crema hidratante,ceramidas,32.54,2.47,20.8,27.1,27.9,57.9,34.2,262
TRA-090,The Ordinary Niacinamide 10% + Zinc 1%,Tradicional,serum,niacinamida + zinc,10.22,4.7,40.7,45.9,39.2,56.9,74.0,663
TRA-091,Neutrogena Rapid Wrinkle Repair,Tradicional,crema tratamiento,retinol,25.47,4.06,48.1,14.0,54.7,59.2,81.4,1427
TRA-092,La Roche-Posay Effaclar Duo,Tradicional,gel tratamiento,ácido salicílico + niacinamida,39.21,4.44,29.3,6.5,33.3,61.7,65.2,411
TRA-093,Olay Regenerist Micro-Sculpting Cream,Tradicional,crema,péptidos + niacinamida,38.11,3.77,31.9,35.0,49.3,50.7,55.5,289
TRA-094,Clinique Dramatically Different Moisturizing Lotion,Tradicional,loción,glicerina,36.82,3.91,36.8,29.2,60.0,76.7,60.8,2423
TRA-095,Kiehl's Ultra Facial Cream,Tradicional,crema hidratante,escualano + glicerina,16.31,4.24,53.8,3.6,62.7,63.4,75.2,1511
TRA-096,Paula's Choice BHA Liquid Exfoliant,Tradicional,exfoliante,ácido salicílico,12.06,3.01,54.6,38.1,36.2,90.9,61.5,2101
TRA-097,CeraVe Moisturizing Cream,Tradicional,crema hidratante,ceramidas,17.07,3.74,61.1,39.3,49.9,40.5,51.6,1221
TRA-098,The Ordinary Niacinamide 10% + Zinc 1%,Tradicional,serum,niacinamida + zinc,12.94,4.6,55.5,46.5,30.9,60.2,83.9,1671
TRA-099,Neutrogena Rapid Wrinkle Repair,Tradicional,crema tratamiento,retinol,26.08,4.04,11.4,48.3,38.0,53.9,68.5,1543
TRA-100,La Roche-Posay Effaclar Duo,Tradicional,gel tratamiento,ácido salicílico + niacinamida,19.26,4.62,40.6,36.4,34.3,71.9,82.6,522
TRA-101,Olay Regenerist Micro-Sculpting Cream,Tradicional,crema,péptidos + niacinamida,31.36,3.23,42.4,31.6,42.1,63.9,36.1,2252
TRA-102,Clinique Dramatically Different Moisturizing Lotion,Tradicional,loción,glicerina,26.4,3.36,15.7,28.7,42.9,69.2,61.2,2123
TRA-103,Kiehl's Ultra Facial Cream,Tradicional,crema hidratante,escualano + glicerina,5.94,3.38,42.3,20.1,48.0,100.0,60.6,2470
TRA-104,Paula's Choice BHA Liquid Exfoliant,Tradicional,exfoliante,ácido salicílico,22.32,3.49,15.8,26.5,34.5,57.3,54.9,1083
TRA-105,CeraVe Moisturizing Cream,Tradicional,crema hidratante,ceramidas,20.42,4.28,33.9,18.1,46.0,70.5,80.5,2231
TRA-106,The Ordinary Niacinamide 10% + Zinc 1%,Tradicional,serum,niacinamida + zinc,24.85,3.51,55.9,25.4,64.6,62.0,57.0,2291
TRA-107,Neutrogena Rapid Wrinkle Repair,Tradicional,crema tratamiento,retinol,24.76,4.9,62.9,25.9,18.8,56.5,82.7,1097
TRA-108,La Roche-Posay Effaclar Duo,Tradicional,gel tratamiento,ácido salicílico + niacinamida,6.27,5.0,46.3,32.6,57.5,65.3,100.0,1690
TRA-109,Olay Regenerist Micro-Sculpting Cream,Tradicional,crema,péptidos + niacinamida,21.3,4.28,30.8,35.9,15.0,100.0,84.6,2126
TRA-110,Clinique Dramatically Different Moisturizing Lotion,Tradicional,loción,glicerina,10.15,3.7,58.9,37.6,46.0,65.9,76.6,919
TRA-111,Kiehl's Ultra Facial Cream,Tradicional,crema hidratante,escualano + glicerina,20.11,4.26,0.0,40.9,46.3,65.7,84.1,1913
TRA-112,Paula's Choice BHA Liquid Exfoliant,Tradicional,exfoliante,ácido salicílico,26.12,4.47,61.0,48.7,37.7,80.2,90.1,98
TRA-113,CeraVe Moisturizing Cream,Tradicional,crema hidratante,ceramidas,28.86,3.83,36.0,25.6,46.3,72.5,64.9,881
TRA-114,The Ordinary Niacinamide 10% + Zinc 1%,Tradicional,serum,niacinamida + zinc,16.08,4.3,38.7,24.1,35.9,64.0,75.6,267
TRA-115,Neutrogena Rapid Wrinkle Repair,Tradicional,crema tratamiento,retinol,7.82,4.94,50.4,37.7,53.5,64.1,98.4,2311
TRA-116,La Roche-Posay Effaclar Duo,Tradicional,gel tratamiento,ácido salicílico + niacinamida,22.45,3.45,27.0,23.8,54.5,57.2,63.3,1130
TRA-117,Olay Regenerist Micro-Sculpting Cream,Tradicional,crema,péptidos + niacinamida,10.17,3.94,36.2,35.1,58.4,60.3,68.0,262
TRA-118,Clinique Dramatically Different Moisturizing Lotion,Tradicional,loción,glicerina,26.1,4.25,0.0,35.2,65.6,83.3,68.0,1091
TRA-119,Kiehl's Ultra Facial Cream,Tradicional,crema hidratante,escualano + glicerina,28.27,3.25,26.8,20.9,46.0,69.2,41.9,929
TRA-120,Paula's Choice BHA Liquid Exfoliant,Tradicional,exfoliante,ácido salicílico,31.07,3.71,48.8,42.7,36.1,44.5,66.0,2421
TRA-121,CeraVe Moisturizing Cream,Tradicional,crema hidratante,ceramidas,13.47,4.01,53.6,8.1,38.9,68.6,75.2,898
TRA-122,The Ordinary Niacinamide 10% + Zinc 1%,Tradicional,serum,niacinamida + zinc,26.65,4.54,52.9,31.4,48.7,64.6,72.7,2345
TRA-123,Neutrogena Rapid Wrinkle Repair,Tradicional,crema tratamiento,retinol,17.91,4.34,42.6,38.5,54.8,60.2,76.6,602
TRA-124,La Roche-Posay Effaclar Duo,Tradicional,gel tratamiento,ácido salicílico + niacinamida,30.16,4.02,42.2,35.4,36.6,61.6,74.9,992
TRA-125,Olay Regenerist Micro-Sculpting Cream,Tradicional,crema,péptidos + niacinamida,21.91,4.14,39.3,0.0,44.2,45.8,60.7,971
TRA-126,Clinique Dramatically Different Moisturizing Lotion,Tradicional,loción,glicerina,15.69,3.05,37.0,36.9,18.0,84.7,64.5,1562
TRA-127,Kiehl's Ultra Facial Cream,Tradicional,crema hidratante,escualano + glicerina,19.66,4.4,59.3,40.8,53.1,64.6,79.3,901
TRA-128,Paula's Choice BHA Liquid Exfoliant,Tradicional,exfoliante,ácido salicílico,6.56,3.7,43.7,31.2,33.5,46.2,71.6,2180
TRA-129,CeraVe Moisturizing Cream,Tradicional,crema hidratante,ceramidas,21.24,3.25,52.0,35.1,45.0,75.2,61.7,819
TRA-130,The Ordinary Niacinamide 10% + Zinc 1%,Tradicional,serum,niacinamida + zinc,15.34,3.33,39.5,27.1,40.8,87.9,53.2,2075
TRA-131,Neutrogena Rapid Wrinkle Repair,Tradicional,crema tratamiento,retinol,39.49,4.3,49.3,28.8,37.1,67.4,56.4,1631
TRA-132,La Roche-Posay Effaclar Duo,Tradicional,gel tratamiento,ácido salicílico + niacinamida,29.2,3.02,67.4,42.4,56.3,67.8,61.3,304
TRA-133,Olay Regenerist Micro-Sculpting Cream,Tradicional,crema,péptidos + niacinamida,29.66,2.97,52.0,27.3,39.2,70.2,45.7,1182
TRA-134,Clinique Dramatically Different Moisturizing Lotion,Tradicional,loción,glicerina,25.88,4.28,43.4,27.7,45.8,66.4,59.9,1059
TRA-135,Kiehl's Ultra Facial Cream,Tradicional,crema hidratante,escualano + glicerina,18.02,4.22,41.7,30.5,36.2,56.7,78.1,1497
TRA-136,Paula's Choice BHA Liquid Exfoliant,Tradicional,exfoliante,ácido salicílico,35.23,3.3,25.1,21.7,44.3,71.3,52.6,295
TRA-137,CeraVe Moisturizing Cream,Tradicional,crema hidratante,ceramidas,25.98,4.08,65.4,35.0,39.4,72.3,56.1,2375
TRA-138,The Ordinary Niacinamide 10% + Zinc 1%,Tradicional,serum,niacinamida + zinc,22.1,3.89,18.5,35.2,68.3,66.1,63.9,2337
TRA-139,Neutrogena Rapid Wrinkle Repair,Tradicional,crema tratamiento,retinol,35.23,3.12,43.7,60.5,25.3,65.2,47.1,2458
TRA-140,La Roche-Posay Effaclar Duo,Tradicional,gel tratamiento,ácido salicílico + niacinamida,19.76,4.31,47.3,37.5,44.6,70.6,63.4,2086
TRA-141,Olay Regenerist Micro-Sculpting Cream,Tradicional,crema,péptidos + niacinamida,28.88,4.01,31.7,38.1,44.2,57.0,80.3,574
TRA-142,Clinique Dramatically Different Moisturizing Lotion,Tradicional,loción,glicerina,35.38,3.79,37.6,14.5,50.7,71.8,60.8,1716
TRA-143,Kiehl's Ultra Facial Cream,Tradicional,crema hidratante,escualano + glicerina,24.66,4.44,11.4,27.1,49.6,85.4,69.6,428
TRA-144,Paula's Choice BHA Liquid Exfoliant,Tradicional,exfoliante,ácido salicílico,31.44,3.41,70.4,30.0,39.7,56.9,51.0,1602
TRA-145,CeraVe Moisturizing Cream,Tradicional,crema hidratante,ceramidas,17.28,5.0,20.5,60.1,40.3,64.8,97.6,764
TRA-146,The Ordinary Niacinamide 10% + Zinc 1%,Tradicional,serum,niacinamida + zinc,16.9,3.04,46.7,14.0,60.5,48.6,47.5,1980
TRA-147,Neutrogena Rapid Wrinkle Repair,Tradicional,crema tratamiento,retinol,9.38,4.19,50.2,38.3,33.6,60.9,83.1,740
TRA-148,La Roche-Posay Effaclar Duo,Tradicional,gel tratamiento,ácido salicílico + niacinamida,22.11,4.92,63.6,34.3,33.2,47.4,94.7,2259
TRA-149,Olay Regenerist Micro-Sculpting Cream,Tradicional,crema,péptidos + niacinamida,24.86,3.05,44.0,22.7,31.6,60.0,37.5,1993
TRA-150,Clinique Dramatically Different Moisturizing Lotion,Tradicional,loción,glicerina,19.21,4.73,41.2,41.5,59.2,60.8,92.7,1073
